{
  "days": [
    1,
    2,
    3,
    4,
    5,
    6,
    7,
    8,
    9,
    10,
    11,
    12,
    13,
    14,
    15,
    16,
    17,
    18,
    19,
    20,
    21,
    22,
    23,
    24,
    25,
    26,
    27,
    28,
    29,
    30,
    31,
    32,
    33,
    34,
    35,
    36,
    37,
    38,
    39,
    40,
    41,
    42,
    43,
    44,
    45,
    46,
    47,
    48,
    49,
    50,
    51,
    52,
    53,
    54,
    55,
    56,
    57,
    58,
    59,
    60
  ],
  "canonical_labels": [
    "积极",
    "消极",
    "中性",
    "复杂"
  ],
  "accuracies": {
    "text": 0.5666666666666667,
    "behavior": 0.38333333333333336,
    "emotion": 1.0,
    "score": 0.7666666666666667
  },
  "weights": {
    "text": 0.2175670713186264,
    "behavior": 0.1811225563287735,
    "emotion": 0.33557334542274475,
    "score": 0.26573702692985535
  }
}