{
  "label_means": {
    "积极": 8.29411792755127,
    "复杂": 5.884615421295166
  },
  "reward_map": {
    "积极": 0.6209150950113932,
    "复杂": 0.085470093621148
  }
}